--Geçen hafta oluþturduðunuz modelinizdeki tablolara yeni veri ekleyiniz.

-- Yeni takýmlarý TEAMS tablosuna ekleme
INSERT INTO TEAMS (ID,TEAM,LEAGUE) VALUES (4,'Trabzonspor','Super Lig');
INSERT INTO TEAMS (ID,TEAM,LEAGUE) VALUES (5,'Baþakþehir','Super Lig');
INSERT INTO TEAMS (ID,TEAM,LEAGUE) VALUES (6,'Alanyaspor','Super Lig');

-- Yeni futbolcularý PLAYERS tablosuna ekleme
INSERT INTO PLAYERS (ID,FIRST_NAME,LAST_NAME,TEAM_ID,POSITIONS_ID) VALUES (4,'Uðurcan','Çakýr',4,1);
INSERT INTO PLAYERS (ID,FIRST_NAME,LAST_NAME,TEAM_ID,POSITIONS_ID) VALUES (5,'Efecan','Karaca',6,3);
INSERT INTO PLAYERS (ID,FIRST_NAME,LAST_NAME,TEAM_ID,POSITIONS_ID) VALUES (6,'Ýrfan Can','Kahveci',5,3);

-- Yeni eklenen futbolcularýn performans istatistiklerini tablolara ekleme
INSERT INTO SHOOTING_PERFORMANCE (PLAYER_ID,GOAL,SHOTS_TOTAL,SHOTS_ONTARGET,SHOTS_FK,SHOTS_PK) VALUES (4,0,0,0,0,0);
INSERT INTO SHOOTING_PERFORMANCE (PLAYER_ID,GOAL,SHOTS_TOTAL,SHOTS_ONTARGET,SHOTS_FK,SHOTS_PK) VALUES (5,0,5,6,6,3);
INSERT INTO SHOOTING_PERFORMANCE (PLAYER_ID,GOAL,SHOTS_TOTAL,SHOTS_ONTARGET,SHOTS_FK,SHOTS_PK) VALUES (6,4,6,8,0,1);

INSERT INTO PASSING_PERFORMANCE (PLAYER_ID,ASSIST,PASSES_TOTAL,PASSES_KEY,TOTAL_DISTANCE) VALUES (4,0,500,15,3500);
INSERT INTO PASSING_PERFORMANCE (PLAYER_ID,ASSIST,PASSES_TOTAL,PASSES_KEY,TOTAL_DISTANCE) VALUES (5,6,515,21,1622);
INSERT INTO PASSING_PERFORMANCE (PLAYER_ID,ASSIST,PASSES_TOTAL,PASSES_KEY,TOTAL_DISTANCE) VALUES (6,4,100,23,2500);

INSERT INTO DEFENSIVE_PERFORMANCE (PLAYER_ID,TACKLES_WON,TACKLES_LOST,AERIALS_WON,AERIALS_LOST) VALUES (4,0,0,0,0);
INSERT INTO DEFENSIVE_PERFORMANCE (PLAYER_ID,TACKLES_WON,TACKLES_LOST,AERIALS_WON,AERIALS_LOST) VALUES (5,45,5,60,2);
INSERT INTO DEFENSIVE_PERFORMANCE (PLAYER_ID,TACKLES_WON,TACKLES_LOST,AERIALS_WON,AERIALS_LOST) VALUES (6,55,11,75,41);